"loc","year","est_emergence_percent","p_emergence_percent","est_anthesis_score","p_anthesis_score"
"STP","2017",-0.0748669287726769,0.837143458412205,-0.38180113306225,0.276278579591038
"STP","2018",-0.0445999813054097,0.902631376564369,0.0983905836247374,0.786842096705211
"TLI","2017",0.00739862964340218,0.983816383561097,0.839928192449064,0.00235656939918522
"TLI","2018",0.59207082622452,0.0713368571292555,-0.0527268319053014,0.884980179428787
